date	label	text
Mar 21 2020	2	"RT @Lauranimalsgirl: Hey dimbulb..the ""medical problem"" is called Coronavirus,  or Covid-19.  And its fallout.
#25thAmendmentNow 
#TrumpLie‚Ä¶"
Mar 21 2020	1	"RT @voxdotcom: Plain old soap is a badass in the fight against coronavirus, and even more routinely effective than hand sanitizer. 

This i‚Ä¶"
Mar 21 2020	2	City of Skiatook declares and emergency to stop spread of COVID-19. https://t.co/m2nbLQeB4O
Mar 21 2020	1	RT @pangyaritax: ‡∏à‡∏∞‡∏°‡∏≤‡∏£‡∏µ‡∏ß‡∏¥‡∏ß‡∏Å‡∏±‡∏Å‡∏ï‡∏±‡∏ß14‡∏ß‡∏±‡∏ô ‡πÅ‡∏°‡πà‡πÑ‡∏°‡πà‡πÉ‡∏´‡πâ‡πÄ‡∏£‡∏≤‡∏≠‡∏≠‡∏Å‡∏à‡∏≤‡∏Å‡∏´‡πâ‡∏≠‡∏á‚Äô‡πÄ‡∏•‡∏¢‚Äô ‡πÄ‡∏û‡∏£‡∏≤‡∏∞‡∏û‡∏∂‡πà‡∏á‡∏Å‡∏•‡∏±‡∏ö‡∏à‡∏≤‡∏Å‡∏ï‡∏õ‡∏ó. ‡πÅ‡∏•‡πâ‡∏ß‡∏ó‡∏∏‡∏Å‡∏ß‡∏±‡∏ô‡πÄ‡∏£‡∏≤‡∏Å‡πá‡∏à‡∏∞‡πÄ‡∏Ç‡∏µ‡∏¢‡∏ô‡∏à‡∏î‡∏´‡∏°‡∏≤‡∏¢‡∏Ç‡∏≠‡∏≠‡∏≤‡∏´‡∏≤‡∏£‡∏´‡∏¢‡πà‡∏≠‡∏ô‡πÑ‡∏ß‡πâ‡∏´‡∏ô‡πâ‡∏≤‡∏´‡πâ‡∏≠‡∏á‚Ä¶
Mar 21 2020	1	RT @ZetLorento: Arjantin polisi zorunlu karantinaya uymayan ki≈üilere kar≈üƒ± biber gazƒ± kullanƒ±yor. Zorunlu karantinaya uymayƒ±p dƒ±≈üarƒ±da olan‚Ä¶
Mar 21 2020	2	RT @vaitor: Korea finished developing the 10 minute Covid-19 diagnostic kit and is now ramping up production. They plan to export 300.000 t‚Ä¶
Mar 21 2020	1	"RT @GARREAU75: #Covid_19 #JeResteChezMoi #ResterChezVous  üö´üå°Ô∏èüö´üå°Ô∏è

C‚Äôest simple non ? 
Faites circuler pour que TOUT le mode comprenne et re‚Ä¶"
Mar 21 2020	1	RT @JuanPabloPozoB: ‚≠ïÔ∏è Curso gratuito de la OMS dirigido a los profesionales de la salud, sobre los nuevos virus respiratorios, incluido el‚Ä¶
Mar 21 2020	2	"RT @ardnie: Total kos nak rawat Covid-19 kat
 USA dalam RM150,000.00 (yes, Seratus Lima Puluh Ribu Ringgit!) 

Untuk seorang ya. Mentang2 k‚Ä¶"
Mar 21 2020	1	RT @EricPiolle: L'√©pid√©mie de #Covid_19 rend encore + criantes les in√©galit√©s de notre mod√®le de soci√©t√©: les femmes sont en 1√®re ligne, co‚Ä¶
Mar 21 2020	1	RT @WORLDSTAR: #Drake tells his pops that he did the #covid_19 test üôèüíØ @Drake @therealdennisg https://t.co/mJP7H1HCMN
Mar 21 2020	2	RT @amasna: Untuk para dokter dan perawat yang meninggal karena nanganin covid-19 harusnya nanti masuk daftar pahlawan nasional. Put their‚Ä¶
Mar 21 2020	2	RT @JustSociety4all: There are three COVID-19 testing centres in Nigeria: Abuja, Lagos and Irrua. Lagos and Abuja are understandable, but n‚Ä¶
Mar 21 2020	2	RT @ephabruhh: COVID-19: PFF N√ÉO ME ESTRAGUES O VER√ÉO CRLü•∫
Mar 21 2020	1	RT @tedlieu: For anyone who read the tweet from @realDonaldTrump saying hydroxychloroquine &amp; azithromycin can be a game changer for #Covid_‚Ä¶
Mar 21 2020	2	RT @richft3: Damn...COVID-19 is actually really serious...California might go on full lock down...which got me thinkin bout how i should‚Äôve‚Ä¶
Mar 21 2020	2	"RT @bowybowi: ‡∏≠‡∏µ‡∏Å‡∏£‡∏≠‡∏ö‡∏Ñ‡πà‡∏∞
‡∏Ñ‡∏ô‡∏°‡∏µ‡∏õ‡∏£‡∏∞‡∏Å‡∏±‡∏ô‡∏™‡∏±‡∏á‡∏Ñ‡∏°‡∏ó‡∏∏‡∏Å‡∏ó‡πà‡∏≤‡∏ô ‡∏´‡∏≤‡∏Å‡∏ó‡πà‡∏≤‡∏ô‡∏õ‡πà‡∏ß‡∏¢‡∏î‡πâ‡∏ß‡∏¢ COVID-19 ‡πÉ‡∏´‡πâ‡∏ó‡πà‡∏≤‡∏ô‡∏•‡∏≤‡∏õ‡πà‡∏ß‡∏¢ ‡πÄ‡∏ö‡∏¥‡∏Å‡∏Ñ‡πà‡∏≤‡∏ä‡∏î‡πÄ‡∏ä‡∏¢‡πÑ‡∏î‡πâ
‡πÅ‡∏°‡πâ‡∏ß‡∏±‡∏ô‡∏•‡∏≤‡∏õ‡πà‡∏ß‡∏¢‡∏´‡∏°‡∏î ‡πÉ‡∏ä‡πâ‡∏•‡∏≤‡∏û‡∏±‡∏Å‡∏£‡πâ‡∏≠‡∏ô‡πÑ‡∏î‡πâ
‡∏´‡∏≤‡∏Å‡∏ï‡πâ‚Ä¶"
Mar 21 2020	1	RT @MichaelCoudrey: NEW DATA: A French study has demonstrated evidence that the combination of Hydroxychloroquine &amp; Azithromycin are highly‚Ä¶
Mar 21 2020	1	"RT @jwaintraub: ""On est capables dans ce pays comme n‚Äôimporte o√π de faire des milliers de tests et de tester tout le monde (...) La questio‚Ä¶"
Mar 21 2020	1	RT @Kirghisz: #√öLTIMAHORA| üü¢ Lorenzo Mil√°, el h√©roe de @pnique, era aplaudido hace d√≠as al grito de ‚Äús√≥lo es una gripe‚Äù. Pero, entre un sup‚Ä¶
Mar 21 2020	2	"@apbeaton @AndrewYang It doesn‚Äôt seem politicians get it. This is a GLOBAL crisis! 
Governments should work togethe‚Ä¶ https://t.co/tWa8mVUYdn"
Mar 21 2020	0	Saturday Quarantine Status: Finally getting to read #TheVaginaBible by @DrJenGunter with great company ü¶ä‚Ä¶ https://t.co/o1B7ZzitVJ
Mar 21 2020	2	"RT @mitchellvii: There is nothing special about COVID-19. As pandemics go, it is one of the weaker ones.

So why the freakout?

Nov 3rd.

T‚Ä¶"
Mar 21 2020	1	RT @RagilSempronk: Mohon doanya, Kajari Bantul positif corona. Kemudian dibezoek Bupati Bantul &amp; beberapa Kadinas. Akhirnya yg bezoek semua‚Ä¶
Mar 21 2020	1	"RT @pgacp: Todo bajo control
#CuarentenaPorLaVida 
#Covid_19 
#ElCapitalismoEsElVirus 
#coronavirus https://t.co/tMfq51NPlM"
Mar 21 2020	2	RT @hrmoroz: For the average American the best way to tell if you have covid-19 is to cough in a rich person‚Äôs face and wait for their test‚Ä¶
Mar 21 2020	2	RT @hrmoroz: For the average American the best way to tell if you have covid-19 is to cough in a rich person‚Äôs face and wait for their test‚Ä¶
Mar 21 2020	1	Blasting Where We‚Äôre Going by @GerryCinnamon on a run down empty streets in London with my dog and looking forward‚Ä¶ https://t.co/MXbORRhtL8
Mar 21 2020	1	RT @RCasara: A decreta√ß√£o do Estado de S√≠tio, estudada pelo governo, √© uma medida excepcional que autoriza o Presidente a governar sem o co‚Ä¶
Mar 21 2020	1	"RT @PNCSV: ‚ö†Ô∏èALERTA

Nuevas medidas estar√°n en vigencia ante el estado de excepci√≥n por la emergencia para erradicar el coronavirus (Covid-‚Ä¶"
Mar 21 2020	1	RT @afneil: Millions face losing their jobs, at least for a while, yet some businesses (eg supermarkets) are desperately looking for labour‚Ä¶
Mar 21 2020	2	"RT @PedroOtamendi: Pedro S√°nchez ha constituido HOY el Comit√© Cient√≠fico del COVID-19 junto a Salvador Illa y seis cient√≠ficos.

24.926 cas‚Ä¶"
Mar 21 2020	1	"RT @VilaWeb: ‚ÄòEl confinament hauria de ser massiu, absolut i rotund‚Äô

Entrevista a @jrmasclans, cap del Servei de Medicina Intensiva de l'H‚Ä¶"
Mar 21 2020	1	"RT @ethanjsomers: DO NOT TAKE hydroxychloroquine &amp; Azithromycin if you think you have #Covid_19.

Talk to your doctor and follow their reco‚Ä¶"
Mar 21 2020	1	RT @LourdesLopezRom: #coronavirus #Covid_19 Ma√±ana domingo 22 a las 12.00 un Homenaje nuestros Seres Queridos ¬øTe unes? https://t.co/SgcjDX‚Ä¶
Mar 21 2020	2	RT @missyetim: Covid-19 finally has a poem courtesy @kannisudofia #CoronavirusPandemic #SaturdayThoughts #COVID„Éº19 #Nigeria #KanyeWestIsOve‚Ä¶
Mar 21 2020	1	"Mike Pence is absolutely pathetic. Good God. 
#Covid_19"
Mar 21 2020	2	RT @DrJacobsRad: With the very real threat presented by COVID-19 and the shutdown of the economy, there was no audience left to listen to t‚Ä¶
Mar 21 2020	1	RT @Cathy_Wood: @SandyArtwork @gregpmiller @nakashimae Amazing how everyone is standing so close together in the infomercials when we all k‚Ä¶
Mar 21 2020	1	RT @nikodoc: Mme est rentr√©e du boulot (medecin en soins palliatifs), a fil√© √† la douche puis s‚Äôest pos√©e sur le canap√© pour decompresser u‚Ä¶
Mar 21 2020	0	#CoronavirusPandemic - Why don‚Äôt one of the big name Supermarkets open only for Key Workers 24/7 and they can shop‚Ä¶ https://t.co/Ov3qj3sHSs
Mar 21 2020	2	C√©u da It√°lia muda radicalmente com a quarentena. Talvez o covid-19 seja um castigo pela pr√≥pria polui√ß√£o humana. A‚Ä¶ https://t.co/FdeQjaEACr
Mar 21 2020	1	RT @Matthew080371: On our street, stuck on our windows a simple way to help those who are not online, already been used today for an elderl‚Ä¶
Mar 21 2020	2	RT @LansingChamber: Find up-to-date resources and information on the COVID-19 pandemic. Additional information is being continually posted‚Ä¶
Mar 21 2020	2	"RT @Savagekizz: COVID-19 
Finally, some sensible advice from a Nurse

‚ÄúWhat I have seen a lot of are recommendations for how to try to avoi‚Ä¶"
Mar 21 2020	1	RT @rvelasquezb: Ante la situaci√≥n nacional por el #Covid_19  solicitamos que a los detenidos del movimiento social se les cambie medida ca‚Ä¶
Mar 21 2020	2	RT @AyoCaesar: Hearing from mates who work in the NHS having to treat COVID-19 patients without proper protective equipment, simply because‚Ä¶
Mar 21 2020	1	RT @AJListeningPost: Just because China is churning out propaganda doesn‚Äôt mean it does not have legitimate grievances with international c‚Ä¶
Mar 21 2020	1	RT @People4Bernie: BREAKING: Sanders campaign sent emails and text messages to raise $2 million in funds for Meals on Wheels, No Kid Hungry‚Ä¶
Mar 21 2020	1	Parque de la Industria se encuentra listo con equipamiento necesario para atender casos de Covid-19. @Universidad921 https://t.co/h2laYq0v2o
Mar 21 2020	1	#NJ #Covid_19 #coronavirus https://t.co/0EC91Cy2uG
Mar 21 2020	2	RT @elamin88: The epidemiologist who helped eradicate smallpox says Trump‚Äôs early handling of COVID-19 is ‚Äúis the most irresponsible act of‚Ä¶
Mar 21 2020	2	RT @Farbod_E: This is why the beaches haven't closed in Florida, and why they've had minimal COVID-19 prevention. Absolute dysfunction. htt‚Ä¶
Mar 21 2020	2	"RT @etribune: WHO health alert brings COVID-19 facts to billions via WhatsApp
https://t.co/JCMzRNRu9p"
Mar 21 2020	1	RT @CATERINAV: #21Mar √öLTIMA HORA | Estudio franc√©s ha demostrado pruebas que la combinaci√≥n de hidroxicloroquina y azitromicina es muy efi‚Ä¶
Mar 21 2020	1	RT @palomamaminews: √öLTIMO!üö® El novio de Paloma Mami est√° internado por ser presunto portador de COVID-19. Lleva internado dos d√≠as y el d√≠‚Ä¶
Mar 21 2020	2	Semoga covid 19 segera berakhir udah muak banget hufff segala tersendat. Proker ga jalan. Lpj apa kabar üò≠
Mar 21 2020	1	RT @PrestonMitchum: Abortion is essential healthcare and not an elective medical procedure. I‚Äôm so worried for people who‚Äôll need abortion‚Ä¶
Mar 21 2020	1	"RT @ainunnajib: Singapore üá∏üá¨ pecah telur, dua orang meninggal #COVID19 

Salah satunya adalah WNI yang ke Singapura mencari perawatan setel‚Ä¶"
Mar 21 2020	1	RT @mselon3: #coronavirus : 600 #m√©decins ont port√© plainte le 19 mars contre #Buzyn et le premier ministre #EdouardPhilippe qu'ils accusen‚Ä¶
Mar 21 2020	1	RT @Bar0n_TheGrey: @mmpadellan He needs to villainize China to distract from his initial ignorance and down playing of the incoming danger‚Ä¶
Mar 21 2020	2	RT @elamin88: The epidemiologist who helped eradicate smallpox says Trump‚Äôs early handling of COVID-19 is ‚Äúis the most irresponsible act of‚Ä¶
Mar 21 2020	2	RT @mhdksafa: If the COVID-19 epidemic has taught us anything it is that the non-essential people are ‚Äúbankers, hedge fund managers, and oi‚Ä¶
Mar 21 2020	1	RT @kweintraub: This study shows why it's not a good idea to use chloroquine to fight #Covid_19 without adequate testing. With the chikungu‚Ä¶
Mar 21 2020	1	RT @_amroali: Egypt‚Äôs PSA to not shake hands or kiss is the most Egyptian thing ever. Disturbingly catchy that you probably won‚Äôt be able t‚Ä¶
Mar 21 2020	1	"RT @SandraHerSep: ""Manejo compasivo""es
LET
Limitaci√≥n del Esfuerzo Terap√©utico.
Eso es...No aplicar medidas extraordinarias en extender la‚Ä¶"
Mar 21 2020	2	RT @issac_nunez31: For those weddings cancelled due to COVID-19. God is giving you a second chance to think about it.üòÇ
Mar 21 2020	1	Wishing all our followers health and safety for you and your family. Get some game time in with #FIFA20 during‚Ä¶ https://t.co/rOf9UX0e7U
Mar 21 2020	1	"RT @seattletimes: ‚Ä¢ Oregon to announce ""aggressive"" social distancing measures
‚Ä¢ Skagit Valley tulip grower will not open fields to public‚Ä¶"
Mar 21 2020	1	"RT @solange_lebourg: I have never in my life heard such entitled whining. Your husband and his incompetent colleagues may well be ""trying""‚Ä¶"
Mar 21 2020	1	RT @MichaelCoudrey: NEW DATA: A French study has demonstrated evidence that the combination of Hydroxychloroquine &amp; Azithromycin are highly‚Ä¶
Mar 21 2020	2	RT @blognone: ‡∏ó‡∏ß‡∏¥‡∏ï‡πÄ‡∏ï‡∏≠‡∏£‡πå‡πÄ‡∏£‡πà‡∏á‡πÉ‡∏´‡πâ‡πÄ‡∏Ñ‡∏£‡∏∑‡πà‡∏≠‡∏á‡∏´‡∏°‡∏≤‡∏¢‡∏ñ‡∏π‡∏Å‡∏Å‡∏±‡∏ö‡∏ö‡∏±‡∏ç‡∏ä‡∏µ‡∏ö‡∏∏‡∏Ñ‡∏•‡∏≤‡∏Å‡∏£‡∏ó‡∏≤‡∏á‡∏Å‡∏≤‡∏£‡πÅ‡∏û‡∏ó‡∏¢‡πå ‡πÄ‡∏û‡∏∑‡πà‡∏≠‡∏Å‡∏≤‡∏£‡πÄ‡∏ú‡∏¢‡πÅ‡∏û‡∏£‡πà‡∏Ç‡πâ‡∏≠‡∏°‡∏π‡∏• COVID-19 ‡∏ó‡∏µ‡πà‡∏ñ‡∏π‡∏Å‡∏ï‡πâ‡∏≠‡∏á https://t.co/NfW6yRDZsf
Mar 21 2020	1	RT @Defensagob: Hoy cerca de 2800 militares en 82 localidades trabajan sin descanso para combatir el #COVID-19, realizando tareas de desinf‚Ä¶
Mar 21 2020	2	RT @nowthisnews: This German firm is rushing to develop a vaccine for COVID-19 ‚Äî and the German government accused Trump of trying to poach‚Ä¶
Mar 21 2020	1	"RT @ices_tea: Ternyata cukup banyak tenaga media yang tumbang bahkan meninggal dunia karena covid19, mereka benar2 darurat APD üò≠
#Covid_19‚Ä¶"
Mar 21 2020	1	RT @HRPresearch: Are you working to support #pregnant and #breastfeeding women during #COVID19 ? Some questions &amp; answers from @WHO here:‚Ä¶
Mar 21 2020	1	RT @MichaelCoudrey: NEW DATA: A French study has demonstrated evidence that the combination of Hydroxychloroquine &amp; Azithromycin are highly‚Ä¶
Mar 21 2020	1	RT @tedlieu: For anyone who read the tweet from @realDonaldTrump saying hydroxychloroquine &amp; azithromycin can be a game changer for #Covid_‚Ä¶
Mar 21 2020	2	RT @jwbartlett92: Chile‚Äôs first Covid-19 death has been confirmed as an 83-year-old woman has passed away. The government continues to resi‚Ä¶
Mar 21 2020	1	RT @KarlMarxUpgrade: @WestminsterWAG Your hubby n cronies dont avvah clue what yer doon... #Covid_19
Mar 21 2020	1	RT @historiadorigor: Onde est√° a solidariedade da @RedeGlobo, @folha e afins aos colegas jornalistas chineses que desapareceram por reporta‚Ä¶
Mar 21 2020	2	@Dist_Admin_Ggm dear sir in view of your regulation on covid 19 for human health and safety for general public in d‚Ä¶ https://t.co/oaLbTbSwfe
Mar 21 2020	2	"RT @raviopatra: Tata terbit rakyat:
- Bapak positif COVID-19
- Anggota keluarga kalau ga ada gejala ga perlu tes; cukup isolasi mandiri

Ta‚Ä¶"
Mar 21 2020	0	RT @vderisi_: Hoy en Chile hay 434 casos de Covid-19 y ma√±ana seguramente ser√°n 100 casos m√°s, entro los que estar√© yo porque hoy me llamo‚Ä¶
Mar 21 2020	1	"RT @AdoptionsUk: Please retweet Mum and Foal looking for FOSTER home?

Currently with rspca Derbyshire, foal aged 1, both looking for a fos‚Ä¶"
Mar 21 2020	1	RT @DiorfallGueye2: Le point de ce samedi au S√©n√©gal : 9 nouveaux cas, dont 5 cas import√©s 1 cas contact de Touba 3 NOUVEAUX CAS TRANSMISSI‚Ä¶
Mar 21 2020	0	RT @rcmoya84: It's pretty undeniable at this point that the wealthy &amp; super-mobile have arguably been super-vectors for COVID-19
Mar 21 2020	2	RT @Farbod_E: This is why the beaches haven't closed in Florida, and why they've had minimal COVID-19 prevention. Absolute dysfunction. htt‚Ä¶
Mar 21 2020	2	RT @justGLew: COVID-19 Narrative Mirage #1: Masks don‚Äôt help unless you are sick.
Mar 21 2020	1	"RT @Chancams: ""Fernando Sim√≥n""
Probablemente, uno de los pocos aciertos de los ojeadores del PP. A pesar de su trabajo impecable en la cris‚Ä¶"
Mar 21 2020	2	¬øC√≥mo identificar si puedes tener o no COVID-19? Aqu√≠ explicado f√°cilmente. #QuintanaRoo https://t.co/gLj830ctsn
Mar 21 2020	1	RT @thanh_neville: @foodwishes i'm a doctor and agree with this article. https://t.co/uAAHvRoWxC
Mar 21 2020	2	"#coronavirus #COVID19 #COVID-19
#ElCambioVa #ElCambioEsYa https://t.co/MxY1TaNQr3"
Mar 21 2020	2	"RT @AZKAYTE: Welcome to Socialized health care for all....

In Italy, where more than 9,000 people have been diagnosed with COVID-19, docto‚Ä¶"
Mar 21 2020	1	RT @TeLoCuentoNews: #21Mar üî¥ Nuevo r√©cord de fallecidos en #Italia. 793 personas murieron por #Covid_19 en las √∫ltimas 24 horas. La cifra d‚Ä¶
Mar 21 2020	1	RT @tedlieu: For anyone who read the tweet from @realDonaldTrump saying hydroxychloroquine &amp; azithromycin can be a game changer for #Covid_‚Ä¶
Mar 21 2020	1	"RT @JornalBSM: Leia artigo de nosso colunista Lucas Ribeiro e entenda como a telemedicina pode ajudar na guerra contra o v√≠rus chin√™s.
http‚Ä¶"
Mar 21 2020	1	"RT @adalet188: Anneme s√∂z verdim ≈üu vir√ºs√º atlatalƒ±m
Seninle kahvaltƒ±ya, yemeƒüe
Ordan kahve i√ßmeyee dedƒ±mm 
Bak ne g√ºzel hayalleriniz var
H‚Ä¶"
Mar 21 2020	1	"RT @DiegoEnLaLucha: ""Nuestro pa√≠s no lanza bombas contra otros pueblos"" ""Las decenas de miles de cient√≠ficos con que cuenta nuestro pa√≠s, s‚Ä¶"
Mar 21 2020	1	RT @cesarlitardo: En este momento estamos en sesi√≥n de prueba del Pleno de la @AsambleaEcuador para verificar que las plataformas tecnol√≥gi‚Ä¶
